Vuln_ID,Severity,Group_Title,Rule_ID,STIG_ID
V-38437,low,SRG-OS-999999,SV-50237r1_rule,RHEL-06-000526
V-38438,low,SRG-OS-000062,SV-50238r4_rule,RHEL-06-000525
V-38439,medium,SRG-OS-000001,SV-50239r1_rule,RHEL-06-000524
V-38443,medium,SRG-OS-999999,SV-50243r1_rule,RHEL-06-000036
V-38444,medium,SRG-OS-000231,SV-50244r2_rule,RHEL-06-000523
V-38445,medium,SRG-OS-000057,SV-50245r2_rule,RHEL-06-000522
V-38446,medium,SRG-OS-999999,SV-50246r2_rule,RHEL-06-000521
V-38447,low,SRG-OS-999999,SV-50247r4_rule,RHEL-06-000519
V-38448,medium,SRG-OS-999999,SV-50248r1_rule,RHEL-06-000037
V-38449,medium,SRG-OS-999999,SV-50249r1_rule,RHEL-06-000038
V-38450,medium,SRG-OS-999999,SV-50250r1_rule,RHEL-06-000039
V-38451,medium,SRG-OS-999999,SV-50251r1_rule,RHEL-06-000040
V-38452,low,SRG-OS-999999,SV-50252r2_rule,RHEL-06-000518
V-38453,low,SRG-OS-999999,SV-50253r2_rule,RHEL-06-000517
V-38454,low,SRG-OS-999999,SV-50254r2_rule,RHEL-06-000516
V-38455,low,SRG-OS-999999,SV-50255r1_rule,RHEL-06-000001
V-38456,low,SRG-OS-999999,SV-50256r1_rule,RHEL-06-000002
V-38457,medium,SRG-OS-999999,SV-50257r1_rule,RHEL-06-000041
V-38458,medium,SRG-OS-999999,SV-50258r1_rule,RHEL-06-000042
V-38459,medium,SRG-OS-999999,SV-50259r1_rule,RHEL-06-000043
V-38460,low,SRG-OS-000104,SV-50260r1_rule,RHEL-06-000515
V-38461,medium,SRG-OS-999999,SV-50261r1_rule,RHEL-06-000044
V-38463,low,SRG-OS-999999,SV-50263r1_rule,RHEL-06-000003
V-38464,medium,SRG-OS-000047,SV-50264r1_rule,RHEL-06-000511
V-38465,medium,SRG-OS-000259,SV-50265r3_rule,RHEL-06-000045
V-38466,medium,SRG-OS-000259,SV-50266r4_rule,RHEL-06-000046
V-38467,low,SRG-OS-000044,SV-50267r1_rule,RHEL-06-000004
V-38468,medium,SRG-OS-000047,SV-50268r1_rule,RHEL-06-000510
V-38469,medium,SRG-OS-000259,SV-50269r3_rule,RHEL-06-000047
V-38470,medium,SRG-OS-000045,SV-50270r2_rule,RHEL-06-000005
V-38471,low,SRG-OS-000043,SV-50271r1_rule,RHEL-06-000509
V-38472,medium,SRG-OS-000259,SV-50272r1_rule,RHEL-06-000048
V-38473,low,SRG-OS-999999,SV-50273r1_rule,RHEL-06-000007
V-38474,low,SRG-OS-000030,SV-50274r2_rule,RHEL-06-000508
V-38475,medium,SRG-OS-000078,SV-50275r3_rule,RHEL-06-000050
V-38476,high,SRG-OS-000090,SV-50276r3_rule,RHEL-06-000008
V-38477,medium,SRG-OS-000075,SV-50277r1_rule,RHEL-06-000051
V-38478,low,SRG-OS-000096,SV-50278r2_rule,RHEL-06-000009
V-38479,medium,SRG-OS-000076,SV-50279r1_rule,RHEL-06-000053
V-38480,low,SRG-OS-999999,SV-50280r1_rule,RHEL-06-000054
V-38481,medium,SRG-OS-000191,SV-50281r1_rule,RHEL-06-000011
V-38482,low,SRG-OS-000071,SV-50282r2_rule,RHEL-06-000056
V-38483,medium,SRG-OS-000103,SV-50283r1_rule,RHEL-06-000013
V-38484,medium,SRG-OS-000025,SV-50285r2_rule,RHEL-06-000507
V-38486,medium,SRG-OS-000100,SV-50287r1_rule,RHEL-06-000505
V-38487,low,SRG-OS-000103,SV-50288r1_rule,RHEL-06-000015
V-38488,medium,SRG-OS-000099,SV-50289r1_rule,RHEL-06-000504
V-38489,medium,SRG-OS-000232,SV-50290r1_rule,RHEL-06-000016
V-38490,medium,SRG-OS-000273,SV-50291r6_rule,RHEL-06-000503
V-38491,high,SRG-OS-000248,SV-50292r1_rule,RHEL-06-000019
V-38492,medium,SRG-OS-000109,SV-50293r1_rule,RHEL-06-000027
V-38493,medium,SRG-OS-000059,SV-50294r1_rule,RHEL-06-000385
V-38494,low,SRG-OS-000109,SV-50295r1_rule,RHEL-06-000028
V-38495,medium,SRG-OS-000057,SV-50296r1_rule,RHEL-06-000384
V-38496,medium,SRG-OS-999999,SV-50297r3_rule,RHEL-06-000029
V-38497,high,SRG-OS-999999,SV-50298r3_rule,RHEL-06-000030
V-38498,medium,SRG-OS-000058,SV-50299r1_rule,RHEL-06-000383
V-38499,medium,SRG-OS-999999,SV-50300r1_rule,RHEL-06-000031
V-38500,medium,SRG-OS-999999,SV-50301r2_rule,RHEL-06-000032
V-38501,medium,SRG-OS-000249,SV-50302r4_rule,RHEL-06-000357
V-38502,medium,SRG-OS-999999,SV-50303r1_rule,RHEL-06-000033
V-38503,medium,SRG-OS-999999,SV-50304r1_rule,RHEL-06-000034
V-38504,medium,SRG-OS-999999,SV-50305r1_rule,RHEL-06-000035
V-38511,medium,SRG-OS-999999,SV-50312r2_rule,RHEL-06-000082
V-38512,medium,SRG-OS-000146,SV-50313r2_rule,RHEL-06-000117
V-38513,medium,SRG-OS-000231,SV-50314r2_rule,RHEL-06-000120
V-38514,medium,SRG-OS-000096,SV-50315r5_rule,RHEL-06-000124
V-38515,medium,SRG-OS-000096,SV-50316r5_rule,RHEL-06-000125
V-38516,low,SRG-OS-000096,SV-50317r3_rule,RHEL-06-000126
V-38517,medium,SRG-OS-000096,SV-50318r5_rule,RHEL-06-000127
V-38518,medium,SRG-OS-000206,SV-50319r2_rule,RHEL-06-000133
V-38519,medium,SRG-OS-000206,SV-50320r2_rule,RHEL-06-000134
V-38520,medium,SRG-OS-000215,SV-50321r1_rule,RHEL-06-000136
V-38521,medium,SRG-OS-000043,SV-50322r1_rule,RHEL-06-000137
V-38522,low,SRG-OS-000062,SV-50323r3_rule,RHEL-06-000167
V-38523,medium,SRG-OS-999999,SV-50324r2_rule,RHEL-06-000083
V-38524,medium,SRG-OS-999999,SV-50325r2_rule,RHEL-06-000084
V-38525,low,SRG-OS-000062,SV-50326r4_rule,RHEL-06-000169
V-38526,medium,SRG-OS-999999,SV-50327r2_rule,RHEL-06-000086
V-38527,low,SRG-OS-000062,SV-50328r3_rule,RHEL-06-000171
V-38528,low,SRG-OS-999999,SV-50329r2_rule,RHEL-06-000088
V-38529,medium,SRG-OS-999999,SV-50330r2_rule,RHEL-06-000089
V-38530,low,SRG-OS-000062,SV-50331r2_rule,RHEL-06-000173
V-38531,low,SRG-OS-000004,SV-50332r2_rule,RHEL-06-000174
V-38532,medium,SRG-OS-999999,SV-50333r2_rule,RHEL-06-000090
V-38533,low,SRG-OS-999999,SV-50334r3_rule,RHEL-06-000091
V-38534,low,SRG-OS-000239,SV-50335r2_rule,RHEL-06-000175
V-38535,low,SRG-OS-999999,SV-50336r2_rule,RHEL-06-000092
V-38536,low,SRG-OS-000240,SV-50337r2_rule,RHEL-06-000176
V-38537,low,SRG-OS-999999,SV-50338r2_rule,RHEL-06-000093
V-38538,low,SRG-OS-000241,SV-50339r2_rule,RHEL-06-000177
V-38539,medium,SRG-OS-000142,SV-50340r2_rule,RHEL-06-000095
V-38540,low,SRG-OS-999999,SV-50341r4_rule,RHEL-06-000182
V-38541,low,SRG-OS-999999,SV-50342r2_rule,RHEL-06-000183
V-38542,medium,SRG-OS-999999,SV-50343r2_rule,RHEL-06-000096
V-38543,low,SRG-OS-000064,SV-50344r3_rule,RHEL-06-000184
V-38544,medium,SRG-OS-999999,SV-50345r2_rule,RHEL-06-000097
V-38545,low,SRG-OS-000064,SV-50346r3_rule,RHEL-06-000185
V-38547,low,SRG-OS-000064,SV-50348r3_rule,RHEL-06-000186
V-38548,medium,SRG-OS-999999,SV-50349r3_rule,RHEL-06-000099
V-38549,medium,SRG-OS-000152,SV-50350r3_rule,RHEL-06-000103
V-38550,low,SRG-OS-000064,SV-50351r3_rule,RHEL-06-000187
V-38551,medium,SRG-OS-000145,SV-50352r3_rule,RHEL-06-000106
V-38552,low,SRG-OS-000064,SV-50353r3_rule,RHEL-06-000188
V-38553,medium,SRG-OS-000146,SV-50354r3_rule,RHEL-06-000107
V-38554,low,SRG-OS-000064,SV-50355r3_rule,RHEL-06-000189
V-38555,medium,SRG-OS-000152,SV-50356r2_rule,RHEL-06-000113
V-38556,low,SRG-OS-000064,SV-50357r3_rule,RHEL-06-000190
V-38557,low,SRG-OS-000064,SV-50358r3_rule,RHEL-06-000191
V-38558,low,SRG-OS-000064,SV-50359r3_rule,RHEL-06-000192
V-38559,low,SRG-OS-000064,SV-50360r3_rule,RHEL-06-000193
V-38560,medium,SRG-OS-000145,SV-50361r2_rule,RHEL-06-000116
V-38561,low,SRG-OS-000064,SV-50362r3_rule,RHEL-06-000194
V-38563,low,SRG-OS-000064,SV-50364r3_rule,RHEL-06-000195
V-38565,low,SRG-OS-000064,SV-50366r3_rule,RHEL-06-000196
V-38566,low,SRG-OS-000064,SV-50367r2_rule,RHEL-06-000197
V-38567,low,SRG-OS-000020,SV-50368r4_rule,RHEL-06-000198
V-38568,low,SRG-OS-000064,SV-50369r3_rule,RHEL-06-000199
V-38569,low,SRG-OS-000069,SV-50370r2_rule,RHEL-06-000057
V-38570,low,SRG-OS-000266,SV-50371r2_rule,RHEL-06-000058
V-38571,low,SRG-OS-000070,SV-50372r3_rule,RHEL-06-000059
V-38572,low,SRG-OS-000072,SV-50373r3_rule,RHEL-06-000060
V-38573,medium,SRG-OS-000021,SV-50374r4_rule,RHEL-06-000061
V-38574,medium,SRG-OS-000120,SV-50375r4_rule,RHEL-06-000062
V-38575,low,SRG-OS-000064,SV-50376r4_rule,RHEL-06-000200
V-38576,medium,SRG-OS-000120,SV-50377r1_rule,RHEL-06-000063
V-38577,medium,SRG-OS-000120,SV-50378r1_rule,RHEL-06-000064
V-38578,low,SRG-OS-000064,SV-50379r2_rule,RHEL-06-000201
V-38579,medium,SRG-OS-999999,SV-50380r2_rule,RHEL-06-000065
V-38580,medium,SRG-OS-000064,SV-50381r2_rule,RHEL-06-000202
V-38581,medium,SRG-OS-999999,SV-50382r2_rule,RHEL-06-000066
V-38582,medium,SRG-OS-000096,SV-50383r2_rule,RHEL-06-000203
V-38583,medium,SRG-OS-999999,SV-50384r4_rule,RHEL-06-000067
V-38584,low,SRG-OS-000096,SV-50385r1_rule,RHEL-06-000204
V-38585,medium,SRG-OS-000080,SV-50386r4_rule,RHEL-06-000068
V-38586,medium,SRG-OS-000080,SV-50387r1_rule,RHEL-06-000069
V-38587,high,SRG-OS-000095,SV-50388r1_rule,RHEL-06-000206
V-38588,medium,SRG-OS-000080,SV-50389r1_rule,RHEL-06-000070
V-38589,high,SRG-OS-000129,SV-50390r2_rule,RHEL-06-000211
V-38590,low,SRG-OS-000030,SV-50391r1_rule,RHEL-06-000071
V-38591,high,SRG-OS-000095,SV-50392r1_rule,RHEL-06-000213
V-38592,medium,SRG-OS-000022,SV-50393r4_rule,RHEL-06-000356
V-38593,medium,SRG-OS-000228,SV-50394r3_rule,RHEL-06-000073
V-38594,high,SRG-OS-000033,SV-50395r2_rule,RHEL-06-000214
V-38595,medium,SRG-OS-000105,SV-50396r3_rule,RHEL-06-000349
V-38596,medium,SRG-OS-999999,SV-50397r2_rule,RHEL-06-000078
V-38597,medium,SRG-OS-999999,SV-50398r2_rule,RHEL-06-000079
V-38598,high,SRG-OS-000033,SV-50399r2_rule,RHEL-06-000216
V-38599,medium,SRG-OS-000023,SV-50400r3_rule,RHEL-06-000348
V-38600,medium,SRG-OS-999999,SV-50401r2_rule,RHEL-06-000080
V-38601,medium,SRG-OS-999999,SV-50402r2_rule,RHEL-06-000081
V-38602,high,SRG-OS-000248,SV-50403r2_rule,RHEL-06-000218
V-38603,medium,SRG-OS-000095,SV-50404r1_rule,RHEL-06-000220
V-38604,medium,SRG-OS-000096,SV-50405r2_rule,RHEL-06-000221
V-38605,medium,SRG-OS-999999,SV-50406r2_rule,RHEL-06-000224
V-38606,medium,SRG-OS-000095,SV-50407r3_rule,RHEL-06-000222
V-38607,high,SRG-OS-000112,SV-50408r1_rule,RHEL-06-000227
V-38608,low,SRG-OS-000163,SV-50409r1_rule,RHEL-06-000230
V-38609,medium,SRG-OS-000248,SV-50410r2_rule,RHEL-06-000223
V-38610,low,SRG-OS-000126,SV-50411r1_rule,RHEL-06-000231
V-38611,medium,SRG-OS-000106,SV-50412r1_rule,RHEL-06-000234
V-38612,medium,SRG-OS-000106,SV-50413r1_rule,RHEL-06-000236
V-38613,medium,SRG-OS-000109,SV-50414r1_rule,RHEL-06-000237
V-38614,high,SRG-OS-000106,SV-50415r1_rule,RHEL-06-000239
V-38615,medium,SRG-OS-000023,SV-50416r1_rule,RHEL-06-000240
V-38616,low,SRG-OS-000242,SV-50417r1_rule,RHEL-06-000241
V-38617,medium,SRG-OS-000169,SV-50418r1_rule,RHEL-06-000243
V-38618,low,SRG-OS-999999,SV-50419r2_rule,RHEL-06-000246
V-38619,medium,SRG-OS-000073,SV-50420r2_rule,RHEL-06-000347
V-38620,medium,SRG-OS-000056,SV-50421r1_rule,RHEL-06-000247
V-38621,medium,SRG-OS-000056,SV-50422r1_rule,RHEL-06-000248
V-38622,medium,SRG-OS-000096,SV-50423r2_rule,RHEL-06-000249
V-38623,medium,SRG-OS-000206,SV-50424r2_rule,RHEL-06-000135
V-38624,low,SRG-OS-999999,SV-50425r1_rule,RHEL-06-000138
V-38627,low,SRG-OS-999999,SV-50428r2_rule,RHEL-06-000256
V-38628,medium,SRG-OS-000255,SV-50429r2_rule,RHEL-06-000145
V-38629,medium,SRG-OS-000029,SV-50430r3_rule,RHEL-06-000257
V-38630,medium,SRG-OS-000029,SV-50431r3_rule,RHEL-06-000258
V-38631,medium,SRG-OS-000032,SV-50432r2_rule,RHEL-06-000148
V-38632,medium,SRG-OS-000037,SV-50433r2_rule,RHEL-06-000154
V-38633,medium,SRG-OS-999999,SV-50434r1_rule,RHEL-06-000160
V-38634,medium,SRG-OS-999999,SV-50435r2_rule,RHEL-06-000161
V-38636,medium,SRG-OS-999999,SV-50437r1_rule,RHEL-06-000159
V-38637,medium,SRG-OS-000278,SV-50438r2_rule,RHEL-06-000281
V-38638,medium,SRG-OS-000029,SV-50439r3_rule,RHEL-06-000259
V-38639,low,SRG-OS-000031,SV-50440r3_rule,RHEL-06-000260
V-38640,low,SRG-OS-000096,SV-50441r2_rule,RHEL-06-000261
V-38641,low,SRG-OS-000096,SV-50442r3_rule,RHEL-06-000262
V-38642,low,SRG-OS-999999,SV-50443r1_rule,RHEL-06-000346
V-38643,medium,SRG-OS-999999,SV-50444r3_rule,RHEL-06-000282
V-38644,low,SRG-OS-000096,SV-50445r2_rule,RHEL-06-000265
V-38645,low,SRG-OS-999999,SV-50446r1_rule,RHEL-06-000345
V-38646,low,SRG-OS-000096,SV-50447r2_rule,RHEL-06-000266
V-38647,low,SRG-OS-999999,SV-50448r1_rule,RHEL-06-000344
V-38648,low,SRG-OS-000096,SV-50449r2_rule,RHEL-06-000267
V-38649,low,SRG-OS-999999,SV-50450r1_rule,RHEL-06-000343
V-38650,low,SRG-OS-000096,SV-50451r2_rule,RHEL-06-000268
V-38651,low,SRG-OS-999999,SV-50452r1_rule,RHEL-06-000342
V-38652,medium,SRG-OS-999999,SV-50453r2_rule,RHEL-06-000269
V-38653,high,SRG-OS-999999,SV-50454r1_rule,RHEL-06-000341
V-38654,medium,SRG-OS-999999,SV-50455r2_rule,RHEL-06-000270
V-38655,low,SRG-OS-000035,SV-50456r1_rule,RHEL-06-000271
V-38656,low,SRG-OS-999999,SV-50457r1_rule,RHEL-06-000272
V-38657,low,SRG-OS-999999,SV-50458r2_rule,RHEL-06-000273
V-38658,medium,SRG-OS-000077,SV-50459r6_rule,RHEL-06-000274
V-38659,low,SRG-OS-000131,SV-50460r2_rule,RHEL-06-000275
V-38660,medium,SRG-OS-999999,SV-50461r1_rule,RHEL-06-000340
V-38661,low,SRG-OS-000185,SV-50462r2_rule,RHEL-06-000276
V-38662,low,SRG-OS-000230,SV-50463r2_rule,RHEL-06-000277
V-38663,medium,SRG-OS-000256,SV-50464r1_rule,RHEL-06-000278
V-38664,medium,SRG-OS-000257,SV-50465r1_rule,RHEL-06-000279
V-38665,medium,SRG-OS-000258,SV-50466r1_rule,RHEL-06-000280
V-38667,medium,SRG-OS-000196,SV-50468r3_rule,RHEL-06-000285
V-38668,high,SRG-OS-999999,SV-50469r4_rule,RHEL-06-000286
V-38669,low,SRG-OS-999999,SV-50470r1_rule,RHEL-06-000287
V-38670,medium,SRG-OS-000202,SV-50471r2_rule,RHEL-06-000306
V-38671,medium,SRG-OS-999999,SV-50472r1_rule,RHEL-06-000288
V-38672,low,SRG-OS-000096,SV-50473r2_rule,RHEL-06-000289
V-38673,medium,SRG-OS-000265,SV-50474r2_rule,RHEL-06-000307
V-38674,medium,SRG-OS-000248,SV-50475r1_rule,RHEL-06-000290
V-38675,low,SRG-OS-999999,SV-50476r2_rule,RHEL-06-000308
V-38676,low,SRG-OS-999999,SV-50477r2_rule,RHEL-06-000291
V-38677,high,SRG-OS-000104,SV-50478r1_rule,RHEL-06-000309
V-38678,medium,SRG-OS-000048,SV-50479r2_rule,RHEL-06-000311
V-38679,medium,SRG-OS-999999,SV-50480r3_rule,RHEL-06-000292
V-38680,medium,SRG-OS-000046,SV-50481r1_rule,RHEL-06-000313
V-38681,low,SRG-OS-999999,SV-50482r2_rule,RHEL-06-000294
V-38682,medium,SRG-OS-000034,SV-50483r5_rule,RHEL-06-000315
V-38683,low,SRG-OS-000121,SV-50484r1_rule,RHEL-06-000296
V-38684,low,SRG-OS-000027,SV-50485r2_rule,RHEL-06-000319
V-38685,low,SRG-OS-000002,SV-50486r1_rule,RHEL-06-000297
V-38686,medium,SRG-OS-000147,SV-50487r2_rule,RHEL-06-000320
V-38687,low,SRG-OS-000160,SV-50488r3_rule,RHEL-06-000321
V-38688,medium,SRG-OS-000024,SV-50489r3_rule,RHEL-06-000324
V-38689,medium,SRG-OS-000228,SV-50490r5_rule,RHEL-06-000326
V-38690,low,SRG-OS-000123,SV-50491r1_rule,RHEL-06-000298
V-38691,medium,SRG-OS-000034,SV-50492r2_rule,RHEL-06-000331
V-38692,low,GEN006660,SV-50493r1_rule,RHEL-06-000334
V-38693,low,SRG-OS-999999,SV-50494r4_rule,RHEL-06-000299
V-38694,low,SRG-OS-000118,SV-50495r1_rule,RHEL-06-000335
V-38695,medium,SRG-OS-000094,SV-50496r2_rule,RHEL-06-000302
V-38696,medium,SRG-OS-000098,SV-50497r2_rule,RHEL-06-000303
V-38697,low,SRG-OS-999999,SV-50498r2_rule,RHEL-06-000336
V-38698,medium,SRG-OS-000232,SV-50499r2_rule,RHEL-06-000304
V-38699,low,SRG-OS-999999,SV-50500r2_rule,RHEL-06-000337
V-38700,medium,SRG-OS-000196,SV-50501r2_rule,RHEL-06-000305
V-38701,high,SRG-OS-999999,SV-50502r2_rule,RHEL-06-000338
V-38702,low,SRG-OS-000037,SV-50503r2_rule,RHEL-06-000339
V-43150,medium,SRG-OS-999999,SV-55880r2_rule,RHEL-06-000527
V-51337,medium,SRG-OS-999999,SV-65547r2_rule,RHEL-06-000017
V-51363,medium,SRG-OS-999999,SV-65573r1_rule,RHEL-06-000020
V-51369,low,SRG-OS-999999,SV-65579r1_rule,RHEL-06-000023
V-51379,low,SRG-OS-999999,SV-65589r1_rule,RHEL-06-000025
V-51391,medium,SRG-OS-000232,SV-65601r1_rule,RHEL-06-000018
V-51875,medium,SRG-OS-999999,SV-66089r1_rule,RHEL-06-000372
V-54381,medium,SRG-OS-999999,SV-68627r3_rule,RHEL-06-000163
V-57569,medium,SRG-OS-999999,SV-71919r1_rule,RHEL-06-000528
V-58901,medium,SRG-OS-000373,SV-73331r2_rule,RHEL-06-000529
V-72817,medium,RHEL-06-000293,SV-87461r1_rule,RHEL-06-000293
V-81441,low,SRG-OS-000062,SV-96155r1_rule,RHEL-06-000166
V-81443,medium,SRG-OS-000480-GPOS-00227,SV-96157r1_rule,RHEL-06-000533
V-81445,low,SRG-OS-000368-GPOS-00154,SV-96159r1_rule,RHEL-06-000530
V-81447,low,SRG-OS-000368-GPOS-00154,SV-96161r1_rule,RHEL-06-000531
V-81449,low,SRG-OS-000368-GPOS-00154,SV-96163r1_rule,RHEL-06-000532
